affenpinscher, ./perros/affenpinscher-100x75.jpg
Afgano, ./perros/foto-afgano-2.jpg
akita, ./perros/akita.jpg
akita americano, ./perros/akita-americano.jpg
Alano Español, ./perros/alano-español.jpg
American Bully, ./perros/american-bully.jpg
American Foxhound, ./perros/American-Foxhound.jpg
American Pitbull Terrier, ./perros/American-Pitbull-Terrier1.jpg
American Staffordshire, ./perros/American-Staffordshire.jpg
Australian Silky Terrier, ./perros/Australian-Silky-Terrier.jpg
Azawakh, ./perros/Azawakh.jpg
Barbet, ./perros/Barbet.jpg
Basenji, ./perros/Basenji.jpg
Basset artesiano de Normandia, ./perros/Basset-artesiano-de-Normandia.jpg
Basset azul de Gascuña, ./perros/Basset-azul-de-Gascuña.jpg
Basset Hound, ./perros/Basset-Hound.jpg
Basset Leonardo de Bretaña, ./perros/Basset-Leonardo-de-Bretaña.jpg
Beagle, ./perros/Beagle.jpg
Beagle – Harrier, ./perros/Beagle-–-Harrier.jpg
Berger de Picardie, ./perros/Berger-de-Picardie.jpg
Bichón Boloñés, ./perros/Bichón-Boloñés.jpg
Bichón Frisé, ./perros/Bichón-Frisé.jpg
Bichón Habanero, ./perros/Bichón-Habanero.jpg
Bichón Maltés, ./perros/Bichón-Maltés.jpg
Billy, ./perros/Billy.jpg
Black and Tan Coonhound, ./perros/Black-and-Tan-Coonhound.jpg
Bloodhound, ./perros/Bloodhound.jpg
Bobtail, ./perros/Bobtail.jpg
Bodeguero Andaluz, ./perros/Bodeguero-Andaluz.jpg
Boerboel, ./perros/Boerboel.jpg
Border Collie, ./perros/Border-Collie.jpg
Border Terrier, ./perros/Border-Terrier.jpg
Borzoi (Galgo ruso), ./perros/Borzoi-Galgo-Ruso.jpg
Boston Terrier, ./perros/Boston-Terrier.jpg
Bóxer, ./perros/Bóxer.jpg
Boyero Australiano, ./perros/Boyero-Australiano.jpg
Boyero de Flandes, ./perros/Boyero-de-Flandes.jpg
Boyero de las Ardenas, ./perros/Boyero-de-las-Ardenas.jpg
Braco alemán de pelo corto, ./perros/Braco-alemán-de-pelo-corto.jpg
Braco alemán de pelo duro, ./perros/Braco-alemán-de-pelo-duro.jpg
Braco de Auvernia, ./perros/Braco-de-Auvernia.jpg
Braco de Weimar, ./perros/Braco-de-Weimar.jpg
Braco del Ariège, ./perros/Braco-del-Ariège.jpg
Braco del Bourbonnais, ./perros/Braco-del-Bourbonnais.jpg
Braco francés, tipo Gascuña, talla grande, ./perros/Braco-francés-tipo-Gascuña-talla-grande.jpg
Braco francés, tipo Pirineos, talla pequeña, ./perros/Braco-francés-tipo-Pirineos-talla-pequeña.jpg
Braco Italiano, ./perros/Braco-Italiano.jpg
Braco San Germain, ./perros/Braco-San-Germain.jpg
Briard, ./perros/Briard.jpg
Brittany, ./perros/Brittany.jpg
Broholmer, ./perros/Broholmer.jpg
Buhund noruego, ./perros/Buhund-noruego.jpg
Bull Terrier, ./perros/Bull-Terrier.jpg
Bull Terrier miniature, ./perros/Bull-Terrier-miniature.jpg
Bulldog, ./perros/Bulldog.jpg
Bulldog Americano, ./perros/Bulldog-Americano.jpg
Bulldog francés, ./perros/Bulldog-francés.jpg
Bullmastín, ./perros/Bullmastín.jpg
Cairn Terrier, ./perros/Cairn-Terrier.jpg
Cane Corso, ./perros/Cane-Corso.jpg
Caniche (Poodle), ./perros/Caniche-Poodle.jpg
Carlino, ./perros/Carlino.jpg
Cavalier King Charles, ./perros/Cavalier-King-Charles.jpg
Chihuahua, ./perros/Chihuahua.jpg
Chin Japonés, ./perros/Chin-Japonés.jpg
Chow Chow, ./perros/Chow-Chow.jpg
Cimarrón Uruguayo, ./perros/Cimarrón-Uruguayo.jpg
Cirneco Del Etna, ./perros/Cirneco-Del-Etna.jpg
Clumber Spaniel, ./perros/Clumber-Spaniel.jpg
Cobrador de Nueva Escocia, ./perros/Cobrador-de-Nueva-Escocia.jpg
Cocker Spaniel, ./perros/Cocker-Spaniel.jpg
Cocker Americano, ./perros/Cocker-Americano.jpg
Collie, ./perros/Collie.jpg
Collie Barbudo, ./perros/Collie-Barbudo.jpg
Collie Smooth, ./perros/Collie-Smooth.jpg
Corgi Galés Cárdigan, ./perros/Corgi-Galés-Pembroke.jpg
Corgi Galés Pembroke, ./perros/Corgi-Galés-Cárdigan.jpg
Cotón de Tuléar, ./perros/Cotón-de-Tuléar.jpg
Curly Coated Retriever (de pelo rizado), ./perros/Curly-Coated-Retriever-de-pelo-rizado.jpg
Dálmata, ./perros/Dálmata.jpg
Dandie Dinmont Terrier, ./perros/Dandie-Dinmont-Terrier.jpg
Deerhound Escocés, ./perros/Deerhound-Escocés.jpg
Doberman, ./perros/Doberman.jpg
Dogo Argentino, ./perros/Dogo-Argentino.jpg
Dogo Canario, ./perros/Dogo-Canario.jpg
Dogo de Burdeos, ./perros/Dogo-de-Burdeos.jpg
Dogo Mallorquín, ./perros/Dogo-Mallorquín.jpg
Drever, ./perros/Drever.jpg
Elkhound Noruego, ./perros/Elkhound-Noruego.jpg
Epagneul breton, ./perros/Epagneul-breton.jpg
Eurasier, ./perros/Eurasier.jpg
Faraón Hound, ./perros/Faraón-Hound.jpg
Field Spaniel, ./perros/Field-Spaniel.jpg
Fila Brasileiro, ./perros/Fila-Brasileiro.jpg
Fila de San Miguel, ./perros/Fila-de-San-Miguel.jpg
Fox Terrier pelo duro, ./perros/Fox-Terrier-pelo-duro.jpg
Fox Terrier de pelo liso, ./perros/Fox-Terrier-de-pelo-lisa.jpg
Fox Terrier Toy, ./perros/Fox-Terrier-Toy.jpg
Foxhound Americano, ./perros/Foxhound-Americano.jpg
Foxhound Inglés, ./perros/Foxhound-Inglés.jpg
Galgo Español, ./perros/Galgo-Español.jpg
Galgo Italiano, ./perros/galgo-italiano.jpg
Gascon Saintongeois, ./perros/Gascon-Saintongeois.jpg
Glen Of Imaal Terrier, ./perros/Glen-Of-Imaal-Terrier.jpg
Golden Retriever, ./perros/Golden-Retriever.jpg
Gran Basset Grifón vendeano, ./perros/Gran-Basset-Grifón-vendeano.jpg
Gran Danés, ./perros/Gran-Danés.jpg
Greyhound, ./perros/Greyhound.jpg
Grifon Belga, ./perros/Grifon-Belga.jpg
Grifón de Bruselas, ./perros/Grifón-de-Bruselas.jpg
Grifón de muestra bohemio de pelo duro, ./perros/Grifón-de-muestra-bohemio-de-pelo-duro.jpg
Grifón de muestra eslovaco de pelo duro, ./perros/Grifón-de-muestra-eslovaco-de-pelo-duro.jpg
Grifón de muestra Korthals de pelo duro, ./perros/Grifón-de-muestra-Korthals-de-pelo-duro.jpg
Hamilton Stovare, ./perros/Hamilton-Stovare.jpg
Harrier, ./perros/Harrier.jpg
Hokkaïdo, ./perros/Hokkaïdo.jpg
Hovawart, ./perros/Hovawart.jpg
Husky Siberiano, ./perros/Husky-Siberiano.jpg
Irish Soft Coated Wheaten Terrier, ./perros/Irish-Soft-Coated-Wheaten-Terrier.jpg
Jack Russell Terrier, ./perros/Jack-Russell-Terrier.jpg
Jamthund, ./perros/Jamthund.jpg
Kai, ./perros/Kai.jpg
Karjalankarhukoira, ./perros/Karjalankarhukoira.png
Keedhond, ./perros/Keedhond.jpg
Kerry Blue Terrier, ./perros/Kerry-Blue-Terrier.jpg
Kishu, ./perros/Kishu.jpg
Komondor, ./perros/Komondor.jpg
Korea Jinco Dog, ./perros/Korea-Jinco-Dog.jpg
Kromfohrländer, ./perros/Kromfohrländer.jpg
Kuvasz, ./perros/Kuvasz.jpg
Labrador Retriever, ./perros/Labrador-Retriever.jpg
Laïka de Siberia oriental, ./perros/Laïka-de-Siberia-oriental.jpg
Laïka Ruso-Europeo, ./perros/Laïka-Ruso-Europeo.jpg
Lakeland Terrier, ./perros/Lakeland-Terrier.jpg
Landseer, ./perros/Landseer.jpg
Lebrel Húngaro, ./perros/Lebrel-Húngaro.jpg
Leonberger, ./perros/Leonberger.jpg
Lhasa Apso, ./perros/Lhasa-Apso.jpg
Lundehund, ./perros/Lundehund.jpg
Löwchen, ./perros/Löwchen.jpg
Malamute de Alaska, ./perros/Malamute-de-Alaska.jpg
Mastín, ./perros/Mastín-Tibetano.jpg
Mastín Napolitano, ./perros/Mastín-Napolitano.jpg
Mastín Tibetano, ./perros/Mastín-Tibetano.jpg
Mudi, ./perros/Mudi.jpg
Münsterländer grande, ./perros/Münsterländer-grande.jpg
Münsterländer pequeño, ./perros/Münsterländer-pequeño.jpg
Otterhound, ./perros/Otterhound.jpg
Papillon, ./perros/Papillon.jpg
Parson Russell Terrier, ./perros/Parson-Russell-Terrier.jpg
Pastor Alemán, ./perros/Pastor-Alemán.gif
Pastor Australiano, ./perros/Pastor-Australiano.jpg
Pastor Belga, ./perros/Pastor-Belga.jpg
Pastor Blanco Suizo, ./perros/Pastor-Blanco-Suizo.jpg
Pastor Catalán, ./perros/Pastor-Catalán.jpg
Pastor de Anatolia, ./perros/Pastor-de-Anatolia.jpg
Pastor de Beauce, ./perros/Pastor-de-Beauce.jpg
Pastor de los Pirineos, ./perros/Pastor-de-los-Pirineos.jpg
Pastor de Shetland, ./perros/Pastor-de-Shetland.jpg
Pastor polaco de tierras bajas, ./perros/Pastor-polaco-de-tierras-bajas.jpg
Pequeño Basset Grifón vendeano, ./perros/Pequeño-Basset-Grifón-vendeano.jpg
Pequeño Brabanzón, ./perros/Pequeño-Brabanzón.jpg
Pequeño perro holandés para la caza acuática, ./perros/Pequeño-perro-holandés-para-la-caza-acuática.jpg
Pequinés, ./perros/Pequinés.jpg
Perdiguero de Burgos, ./perros/Perdiguero-de-Burgos.jpg
Perdiguero de Drente, ./perros/Perdiguero-de-Drente.jpg
Perdiguero Portugués, ./perros/Perdiguero-Portugués.jpg
Perro crestado Chino, ./perros/Perro-crestado-Chino.jpg
Perro de Agua americano, ./perros/Perro-de-Agua-americano.jpg
Perro de Agua español, ./perros/Perro-de-Agua-español.jpg
Perro de Agua portugués, ./perros/Perro-de-Agua-portugués.jpg
Perro de Canaan, ./perros/Perro-de-Canaan.jpg
Perro de Castro Laboreiro, ./perros/Perro-de-Castro-Laboreiro.jpg
Perro de Groenlandia, ./perros/Perro-de-Groenlandia.jpg
Perro de montaña Appenzell, ./perros/Perro-de-montaña-Appenzell.jpg
Perro de montaña Bernés, ./perros/Perro-de-montaña-Bernés.jpg
Perro de montaña de la Sierra de la Estrela, ./perros/Perro-de-montaña-de-la-Sierra-de-la-Estrela.jpg
Perro de montaña de los pirineos, ./perros/Perro-de-montaña-de-los-pirineos.jpg
Perro de montaña del Atlas, ./perros/Perro-de-montaña-del-Atlas.jpg
Perro de montaña Gran Suizo, ./perros/Perro-de-montaña-Gran-Suizo.jpg
Perro de muestra alemán de pelo cerdoso, ./perros/Perro-de-muestra-alemán-de-pelo-cerdoso.jpg
Perro de muestra Danés, ./perros/Perro-de-muestra-Danés.jpg
Perro de pastor bergamasco, ./perros/Perro-de-pastor-bergamasco.jpg
Perro de pastor de Asia central, ./perros/Perro-de-pastor-de-Asia-central.jpg
Perro de pastor de Karst, ./perros/Perro-de-pastor-de-Karst.jpg
Perro de pastor de Rusia meridional, ./perros/Perro-de-pastor-de-Rusia-meridional.jpg
Perro de pastor del Cáucaso, ./perros/Perro-de-pastor-del-Cáucaso.jpg
Perro de pastor islandés, ./perros/Perro-de-pastor-islandés.jpg
Perro de pastor polaco de las Llanuras, ./perros/Perro-de-pastor-polaco-de-las-Llanuras.jpg
Perro de pastor polaco de Podhale, ./perros/Perro-de-pastor-polaco-de-Podhale.jpg
Perro de pastor portugués, ./perros/Perro-de-pastor-portugués.jpg
Perro de pastor yugoslavo de Charplanina, ./perros/Perro-de-pastor-yugoslavo-de-Charplanina.jpg
Perro Entlebucher, ./perros/Perro-Entlebucher.jpg
Perro esquimal Americano, ./perros/Perro-esquimal-Americano.jpg
Perro Esquimal Canadiense, ./perros/Perro-Esquimal-Canadiense.jpg
Perro Lobo Checoslovaco, ./perros/Perro-Lobo-Checoslovaco.jpg
Perro Lobo de Sarloos, ./perros/Perro-Lobo-de-Sarloos.jpg
Perro pastor croato, ./perros/Perro-pastor-croato.jpg
Perro pastor Mallorquín, ./perros/Perro-pastor-Mallorquín.jpg
Perro pastor Maremmano-Abruzzese, ./perros/Perro-pastor-Maremmano-Abruzzese.jpg
Perro sin pelo del Perú, ./perros/Perro-sin-pelo-del-Perú.jpg
Perro sin pelo Mexicano, ./perros/Perro-sin-pelo-Mexicano.jpg
Perro Smous holandés, ./perros/Perro-Smous-holandés.jpg
Pinscher, ./perros/Pinscher.jpg
Pinscher austriaco, ./perros/Pinscher-austriaco.jpg
Pinscher miniatura, ./perros/Pinscher-miniatura.jpg
Plott Hound, ./perros/Plott-Hound.jpg
Podenco Canario, ./perros/Podenco-Canario.jpg
Podenco ibicenco, ./perros/Podenco-ibicenco.jpg
Podenco portugués, ./perros/Podenco-portugués.jpg
Pointer, ./perros/Pointer.jpg
Pointer alemán de pelo corto, ./perros/Pointer-alemán-de-pelo-corto.jpg
Pointer alemán de pelo duro, ./perros/Pointer-alemán-de-pelo-duro.jpg
Poitevin, ./perros/Poitevin.jpg
Pomerania, ./perros/Pomerania.jpg
Porcelaine, ./perros/Porcelaine.jpg
Pudelpointer, ./perros/Pudelpointer.jpg
Puli, ./perros/Puli.jpg
Pumi, ./perros/Pumi.jpg
Rafeiro del Alentejo, ./perros/Rafeiro-del-Alentejo.jpg
Rastreador de Hannover, ./perros/Rastreador-de-Hannover.jpg
Rastreador montañés de Baviera, ./perros/Rastreador-montañés-de-Baviera.jpg
Retriever de La Bahía de Chesapeake, ./perros/Retriever-de-La-Bahía-de-Chesapeake.jpg
Retriever de pelo liso, ./perros/Retriever-de-pelo-liso.jpg
Ridgeback de Rodesia, ./perros/Ridgeback-de-Rodesia.jpg
Rottweiler, ./perros/Rottweiler.jpg
Sabueso alemán, ./perros/Sabueso-alemán.jpg
Sabueso Artesiano, ./perros/Sabueso-Artesiano.jpg
Sabueso austriaco negro y fuego, ./perros/Sabueso-austriaco-negro-y-fuego.jpg
Sabueso de Bosnia de pelo cerdoso, ./perros/Sabueso-de-Bosnia-de-pelo-cerdoso.jpg
Sabueso de Hygen, ./perros/Sabueso-de-Hygen.jpg
Sabueso de las montañas de Montenegro, ./perros/Sabueso-de-las-montañas-de-Montenegro.jpg
Sabueso de Smaland, ./perros/Sabueso-de-Smaland.jpg
Sabueso de Transilvania, ./perros/Sabueso-de-Transilvania.jpg
Sabueso del Tirol, ./perros/Sabueso-del-Tirol.jpg
Sabueso eslovaco, ./perros/Sabueso-eslovaco.jpg
Sabueso español, ./perros/Sabueso-español.jpg
Sabueso Estirio de pelo duro, ./perros/Sabueso-Estirio-de-pelo-duro.jpg
Sabueso Finlandés, ./perros/Sabueso-Finlandés.jpg
Sabueso francés tricolor, ./perros/Sabueso-francés-tricolor.jpg
Sabueso Halden, ./perros/Sabueso-Halden.jpg
Sabueso Italiano de pelo corto, ./perros/Sabueso-Italiano-de-pelo-corto.jpg
Sabueso Italiano de pelo duro, ./perros/Sabueso-Italiano-de-pelo-duro.jpg
Sabueso Noruego, ./perros/Sabueso-Noruego.jpg
Sabueso Polaco, ./perros/Sabueso-Polaco.jpg
Sabueso Schiller, ./perros/Sabueso-Schiller.jpg
Sabueso Serbio, ./perros/Sabueso-Serbio.jpg
Sabueso Suizo, ./perros/Sabueso-Suizo.jpg
Sabueso tricolor serbio, ./perros/Sabueso-tricolor-serbio.jpg
Saluki (galgo persa), ./perros/Saluki-galgo-persa.jpg
Samoyedo, ./perros/Samoyedo.jpg
San Bernardo, ./perros/San-Bernardo.jpg
Schapendoes neerlandés, ./perros/Schapendoes-neerlandés.jpg
Schipperke, ./perros/Schipperke.jpg
Schnauzer, ./perros/Schnauzer.jpg
Schnauzer Gigante, ./perros/Schnauzer-Gigante.jpg
Schnauzer Miniatura, ./perros/Schnauzer-Miniatura.jpg
Sealyham Terrier, ./perros/Sealyham-Terrier.jpg
Setter Gordon, ./perros/Setter-Gordon.jpg
Setter Inglés, ./perros/Setter-Inglés.jpg
Setter Irlandés, ./perros/Setter-Irlandés.jpg
Setter Irlandés rojo, ./perros/Setter-Irlandés-rojo.jpg
Setter Irlandés rojo y blanco, ./perros/Setter-Irlandés-rojo-y-blanco.jpg
Shar Pei, ./perros/Shar-Pei.jpg
Shiba, ./perros/Shiba.jpg
ShihTzu, ./perros/ShihTzu.jpg
Shikoku, ./perros/Shikoku.jpg
Silky Terrier, ./perros/Silky-Terrier.jpg
Sloughi (galgo árabe), ./perros/Sloughi-galgo-árabe.jpg
Spaniel continental enano, ./perros/Spaniel-continental-enano.jpg
Spaniel de Agua Irlandés, ./perros/Spaniel-de-Agua-Irlandés.jpg
Spaniel de Pont-Audemer, ./perros/Spaniel-de-Pont-Audemer.jpg
Spaniel de Sussex, ./perros/Spaniel-de-Sussex.jpg
Spaniel Picardo, ./perros/Spaniel-Picardo.jpg
Spaniel Tibetano, ./perros/Spaniel-Tibetano.jpg
Spinone Italiano, ./perros/Spinone-Italiano.jpg
Spitz Alemán, ./perros/Spitz-Alemán.jpg
Spitz Finlandés, ./perros/Spitz-Finlandés.jpg
Spitz Japonés, ./perros/Spitz-Japonés.jpg
Springer Spaniel Galés, ./perros/Springer-Spaniel-Galés.jpg
Springer Spaniel Inglés, ./perros/Springer-Spaniel-Inglés.jpg
Spitz de Norrbotten, ./perros/Spitz-de-Norrbotten.jpg
Stabyhoun, ./perros/Stabyhoun.jpg
Staffordshire Bull Terrier, ./perros/Staffordshire-Bull-Terrier.jpg
Tchuvatch eslovaco, ./perros/Tchuvatch-eslovaco.jpg
Teckel, ./perros/Teckel.jpg
Tejonero alpino, ./perros/Tejonero-alpino.jpg
Tejonero de Westfalia, ./perros/Tejonero-de-Westfalia.jpg
Terranova, ./perros/Terranova.jpg
Terrier Australiano, ./perros/Terrier-Australiano1.jpg
Terrier Bedlington, ./perros/Terrier-Bedlington.jpg
Terrier Brasileño, ./perros/Terrier-Brasileño.jpg
Terrier cazador alemán, ./perros/Terrier-cazador-alemán.jpg
Terrier Cesky, ./perros/Terrier-Cesky.jpg
Terrier de Airedale, ./perros/Terrier-de-Airedale.jpg
Terrier de Norfolk, ./perros/Terrier-de-Norfolk.jpg
Terrier de Skye, ./perros/Terrier-de-Skye.jpg
Terrier Escocés, ./perros/Terrier-Escocés.jpg
Terrier Galés, ./perros/Terrier-Galés.jpg
Terrier Irlandés, ./perros/Terrier-Irlandés.jpg
Terrier Japonés, ./perros/Terrier-Japonés.jpg
Terrier Tibetano, ./perros/Terrier-Tibetano.jpg
Thai Ridgeback Dog, ./perros/Thai-Ridgeback-Dog.jpg
Tosa Inu, ./perros/Tosa-Inu.jpg
Valhund Sueco, ./perros/Valhund-Sueco.jpg
Vizsla, ./perros/Vizsla.jpg
Volpino Italiano, ./perros/Volpino-Italiano.jpg
West Highland, ./perros/West-Highland.jpg
Wetterhound, ./perros/Wetterhound.jpg
Wheaten Terrier, ./perros/Wheaten-Terrier.jpg
Whippet, ./perros/Whippet.jpg
Wolfhound Irlandés, ./perros/Wolfhound-Irlandés.jpg
Yorkshire Terrier, ./perros/Yorkshire-Terrier.jpg
